{
  "providers": {
    "awscloudformation": {
      "AuthRoleName": "amplify-folklorehandcraft-dev-122835-authRole",
      "UnauthRoleArn": "arn:aws:iam::092676707112:role/amplify-folklorehandcraft-dev-122835-unauthRole",
      "AuthRoleArn": "arn:aws:iam::092676707112:role/amplify-folklorehandcraft-dev-122835-authRole",
      "Region": "us-east-1",
      "DeploymentBucketName": "amplify-folklorehandcraft-dev-122835-deployment",
      "UnauthRoleName": "amplify-folklorehandcraft-dev-122835-unauthRole",
      "StackName": "amplify-folklorehandcraft-dev-122835",
      "StackId": "arn:aws:cloudformation:us-east-1:092676707112:stack/amplify-folklorehandcraft-dev-122835/a734a2f0-0e2b-11ec-8a97-0a80ba57d7e1",
      "AmplifyAppId": "d2ij8zanng7fpj"
    }
  },
  "api": {
    "amplifyDatasource": {
      "service": "AppSync",
      "providerPlugin": "awscloudformation",
      "output": {
        "authConfig": {
          "additionalAuthenticationProviders": [],
          "defaultAuthentication": {
            "authenticationType": "API_KEY",
            "apiKeyConfig": {
              "description": "",
              "apiKeyExpirationDays": 7
            }
          }
        }
      }
    }
  }
}